--------------------------------------------------------
-- Archivo creado  - domingo-octubre-18-2020   
--------------------------------------------------------
--------------------------------------------------------
--  DDL for Table Actividades
--------------------------------------------------------

  CREATE TABLE "VUELOS"."Actividades" 
   (	"IDACTIVIDAD" VARCHAR2(50 BYTE), 
	"NOMBRE" VARCHAR2(50 BYTE), 
	"TIPOACTIVIDAD" VARCHAR2(50 BYTE), 
	"PRECIO" NUMBER(8,2)
   ) SEGMENT CREATION IMMEDIATE 
  PCTFREE 10 PCTUSED 40 INITRANS 1 MAXTRANS 255 
 NOCOMPRESS LOGGING
  STORAGE(INITIAL 65536 NEXT 1048576 MINEXTENTS 1 MAXEXTENTS 2147483645
  PCTINCREASE 0 FREELISTS 1 FREELIST GROUPS 1
  BUFFER_POOL DEFAULT FLASH_CACHE DEFAULT CELL_FLASH_CACHE DEFAULT)
  TABLESPACE "USERS" ;
--------------------------------------------------------
--  DDL for Table Alojamiento
--------------------------------------------------------

  CREATE TABLE "VUELOS"."Alojamiento" 
   (	"IDALOJAMIENTO" VARCHAR2(50 BYTE), 
	"NOMBRE" VARCHAR2(50 BYTE), 
	"CATEGORIA" VARCHAR2(50 BYTE), 
	"NUMEROPERSONAS" NUMBER(8,2), 
	"NUMERODEDIAS" NUMBER(8,2), 
	"NUMERODEHABITACIONES" NUMBER(8,2)
   ) SEGMENT CREATION IMMEDIATE 
  PCTFREE 10 PCTUSED 40 INITRANS 1 MAXTRANS 255 
 NOCOMPRESS LOGGING
  STORAGE(INITIAL 65536 NEXT 1048576 MINEXTENTS 1 MAXEXTENTS 2147483645
  PCTINCREASE 0 FREELISTS 1 FREELIST GROUPS 1
  BUFFER_POOL DEFAULT FLASH_CACHE DEFAULT CELL_FLASH_CACHE DEFAULT)
  TABLESPACE "USERS" ;
--------------------------------------------------------
--  DDL for Table Cliente
--------------------------------------------------------

  CREATE TABLE "VUELOS"."Cliente" 
   (	"IDCLIENTE" VARCHAR2(50 BYTE), 
	"NOMBRES" VARCHAR2(50 BYTE), 
	"APELLIDOS" VARCHAR2(50 BYTE), 
	"EMAIL" VARCHAR2(50 BYTE), 
	"DIRECCION" VARCHAR2(50 BYTE), 
	"TELEFONO" NUMBER(38,2)
   ) SEGMENT CREATION IMMEDIATE 
  PCTFREE 10 PCTUSED 40 INITRANS 1 MAXTRANS 255 
 NOCOMPRESS LOGGING
  STORAGE(INITIAL 65536 NEXT 1048576 MINEXTENTS 1 MAXEXTENTS 2147483645
  PCTINCREASE 0 FREELISTS 1 FREELIST GROUPS 1
  BUFFER_POOL DEFAULT FLASH_CACHE DEFAULT CELL_FLASH_CACHE DEFAULT)
  TABLESPACE "USERS" ;
--------------------------------------------------------
--  DDL for Table Factura
--------------------------------------------------------

  CREATE TABLE "VUELOS"."Factura" 
   (	"IDFACTURA" VARCHAR2(50 BYTE), 
	"IDCLIENTE" VARCHAR2(50 BYTE), 
	"IDVUELO" VARCHAR2(50 BYTE), 
	"IDACTIVIDAD" VARCHAR2(50 BYTE), 
	"IDTRASPORTE" VARCHAR2(50 BYTE), 
	"IDALOJAMIENTO" VARCHAR2(50 BYTE), 
	"IDFORMADEPAGO" VARCHAR2(50 BYTE)
   ) SEGMENT CREATION IMMEDIATE 
  PCTFREE 10 PCTUSED 40 INITRANS 1 MAXTRANS 255 
 NOCOMPRESS LOGGING
  STORAGE(INITIAL 65536 NEXT 1048576 MINEXTENTS 1 MAXEXTENTS 2147483645
  PCTINCREASE 0 FREELISTS 1 FREELIST GROUPS 1
  BUFFER_POOL DEFAULT FLASH_CACHE DEFAULT CELL_FLASH_CACHE DEFAULT)
  TABLESPACE "USERS" ;
--------------------------------------------------------
--  DDL for Table FormadePago
--------------------------------------------------------

  CREATE TABLE "VUELOS"."FormadePago" 
   (	"IDFORMADEPAGO" VARCHAR2(50 BYTE), 
	"NOMBRE" VARCHAR2(50 BYTE)
   ) SEGMENT CREATION IMMEDIATE 
  PCTFREE 10 PCTUSED 40 INITRANS 1 MAXTRANS 255 
 NOCOMPRESS LOGGING
  STORAGE(INITIAL 65536 NEXT 1048576 MINEXTENTS 1 MAXEXTENTS 2147483645
  PCTINCREASE 0 FREELISTS 1 FREELIST GROUPS 1
  BUFFER_POOL DEFAULT FLASH_CACHE DEFAULT CELL_FLASH_CACHE DEFAULT)
  TABLESPACE "USERS" ;
--------------------------------------------------------
--  DDL for Table Transporte
--------------------------------------------------------

  CREATE TABLE "VUELOS"."Transporte" 
   (	"IDTRASPORTE" VARCHAR2(50 BYTE), 
	"FECHAPRESTAMO" TIMESTAMP (6), 
	"FECHADEVOLUCION" TIMESTAMP (6), 
	"PERSONAS" NUMBER, 
	"TIPODETRASPORTE" VARCHAR2(50 BYTE)
   ) SEGMENT CREATION IMMEDIATE 
  PCTFREE 10 PCTUSED 40 INITRANS 1 MAXTRANS 255 
 NOCOMPRESS LOGGING
  STORAGE(INITIAL 65536 NEXT 1048576 MINEXTENTS 1 MAXEXTENTS 2147483645
  PCTINCREASE 0 FREELISTS 1 FREELIST GROUPS 1
  BUFFER_POOL DEFAULT FLASH_CACHE DEFAULT CELL_FLASH_CACHE DEFAULT)
  TABLESPACE "USERS" ;
--------------------------------------------------------
--  DDL for Table Vuelo
--------------------------------------------------------

  CREATE TABLE "VUELOS"."Vuelo" 
   (	"IDVUELO" VARCHAR2(50 BYTE), 
	"ORIGEN" VARCHAR2(50 BYTE), 
	"DESTINO" VARCHAR2(50 BYTE), 
	"FECHASALIDA" VARCHAR2(50 BYTE), 
	"FECHALLEGADA" VARCHAR2(50 BYTE), 
	"PRECIO" NUMBER(38,2), 
	"NUMERODEPLAZAS" VARCHAR2(50 BYTE)
   ) SEGMENT CREATION IMMEDIATE 
  PCTFREE 10 PCTUSED 40 INITRANS 1 MAXTRANS 255 
 NOCOMPRESS LOGGING
  STORAGE(INITIAL 65536 NEXT 1048576 MINEXTENTS 1 MAXEXTENTS 2147483645
  PCTINCREASE 0 FREELISTS 1 FREELIST GROUPS 1
  BUFFER_POOL DEFAULT FLASH_CACHE DEFAULT CELL_FLASH_CACHE DEFAULT)
  TABLESPACE "USERS" ;
REM INSERTING into VUELOS."Actividades"
SET DEFINE OFF;
Insert into VUELOS."Actividades" (IDACTIVIDAD,NOMBRE,TIPOACTIVIDAD,PRECIO) values ('01','Buceo','Excursion','110000');
Insert into VUELOS."Actividades" (IDACTIVIDAD,NOMBRE,TIPOACTIVIDAD,PRECIO) values ('02','Paseo','Excursion','950000');
Insert into VUELOS."Actividades" (IDACTIVIDAD,NOMBRE,TIPOACTIVIDAD,PRECIO) values ('03','Rumba Nocturna','Fiesta','8500');
Insert into VUELOS."Actividades" (IDACTIVIDAD,NOMBRE,TIPOACTIVIDAD,PRECIO) values ('04','Crucero','Excursion','200000');
Insert into VUELOS."Actividades" (IDACTIVIDAD,NOMBRE,TIPOACTIVIDAD,PRECIO) values ('05','Parque acuatico','Evento','110000');
Insert into VUELOS."Actividades" (IDACTIVIDAD,NOMBRE,TIPOACTIVIDAD,PRECIO) values ('06','Rumba en la playa','Fiesta','950000');
Insert into VUELOS."Actividades" (IDACTIVIDAD,NOMBRE,TIPOACTIVIDAD,PRECIO) values ('07','Museo','Excursion','100000');
Insert into VUELOS."Actividades" (IDACTIVIDAD,NOMBRE,TIPOACTIVIDAD,PRECIO) values ('08','Ruinas','Excursion','130000');
Insert into VUELOS."Actividades" (IDACTIVIDAD,NOMBRE,TIPOACTIVIDAD,PRECIO) values ('09','Tardes Party','Fiesta','600000');
Insert into VUELOS."Actividades" (IDACTIVIDAD,NOMBRE,TIPOACTIVIDAD,PRECIO) values ('10','Skiart','Evento','850000');
REM INSERTING into VUELOS."Alojamiento"
SET DEFINE OFF;
Insert into VUELOS."Alojamiento" (IDALOJAMIENTO,NOMBRE,CATEGORIA,NUMEROPERSONAS,NUMERODEDIAS,NUMERODEHABITACIONES) values ('200','Solares','Familiar','7','15','3');
Insert into VUELOS."Alojamiento" (IDALOJAMIENTO,NOMBRE,CATEGORIA,NUMEROPERSONAS,NUMERODEDIAS,NUMERODEHABITACIONES) values ('201','Solares','Personal','2','3','1');
Insert into VUELOS."Alojamiento" (IDALOJAMIENTO,NOMBRE,CATEGORIA,NUMEROPERSONAS,NUMERODEDIAS,NUMERODEHABITACIONES) values ('202','Hilton','Familiar','5','8','2');
Insert into VUELOS."Alojamiento" (IDALOJAMIENTO,NOMBRE,CATEGORIA,NUMEROPERSONAS,NUMERODEDIAS,NUMERODEHABITACIONES) values ('203','Estelar','Familiar','6','13','2');
Insert into VUELOS."Alojamiento" (IDALOJAMIENTO,NOMBRE,CATEGORIA,NUMEROPERSONAS,NUMERODEDIAS,NUMERODEHABITACIONES) values ('204','La posada','Familiar','12','20','4');
Insert into VUELOS."Alojamiento" (IDALOJAMIENTO,NOMBRE,CATEGORIA,NUMEROPERSONAS,NUMERODEDIAS,NUMERODEHABITACIONES) values ('205','Hilton','Personal','1','30','1');
Insert into VUELOS."Alojamiento" (IDALOJAMIENTO,NOMBRE,CATEGORIA,NUMEROPERSONAS,NUMERODEDIAS,NUMERODEHABITACIONES) values ('206','Campestre','Personal','1','7','1');
Insert into VUELOS."Alojamiento" (IDALOJAMIENTO,NOMBRE,CATEGORIA,NUMEROPERSONAS,NUMERODEDIAS,NUMERODEHABITACIONES) values ('207','La laguna','Personal','2','10','1');
Insert into VUELOS."Alojamiento" (IDALOJAMIENTO,NOMBRE,CATEGORIA,NUMEROPERSONAS,NUMERODEDIAS,NUMERODEHABITACIONES) values ('208','Espejismo','Familiar','4','8','2');
Insert into VUELOS."Alojamiento" (IDALOJAMIENTO,NOMBRE,CATEGORIA,NUMEROPERSONAS,NUMERODEDIAS,NUMERODEHABITACIONES) values ('209','Estelar','Personal','2','20','1');
REM INSERTING into VUELOS."Cliente"
SET DEFINE OFF;
Insert into VUELOS."Cliente" (IDCLIENTE,NOMBRES,APELLIDOS,EMAIL,DIRECCION,TELEFONO) values ('20001','Marcos','Gonzales','MarGon@hotmail.com','Cra 28 # 44 5','3204386930');
Insert into VUELOS."Cliente" (IDCLIENTE,NOMBRES,APELLIDOS,EMAIL,DIRECCION,TELEFONO) values ('20002','Jorge','Sanchez','JorSan@hotmail.com','Cra 29 # 44 5','3204386931');
Insert into VUELOS."Cliente" (IDCLIENTE,NOMBRES,APELLIDOS,EMAIL,DIRECCION,TELEFONO) values ('20003','Mayra','Kuartas','MayKuar@hotmail.com','Cra 30 # 44 5','3204386932');
Insert into VUELOS."Cliente" (IDCLIENTE,NOMBRES,APELLIDOS,EMAIL,DIRECCION,TELEFONO) values ('20004','Alejandra','Torres','AlTor@hotmail.com','Cra 31 # 44 5','3204386933');
Insert into VUELOS."Cliente" (IDCLIENTE,NOMBRES,APELLIDOS,EMAIL,DIRECCION,TELEFONO) values ('20005','Daniela','Ruiz','DaRui@hotmail.com','Cra 32 # 44 5','3204386939');
Insert into VUELOS."Cliente" (IDCLIENTE,NOMBRES,APELLIDOS,EMAIL,DIRECCION,TELEFONO) values ('20006','Andres','Silva','AndSil@hotmail.com','Cra 33 # 44 5','3204386934');
Insert into VUELOS."Cliente" (IDCLIENTE,NOMBRES,APELLIDOS,EMAIL,DIRECCION,TELEFONO) values ('20007','Dahiana','Toro','DaTo@hotmail.com','Cra 34 # 44 5','3204386935');
Insert into VUELOS."Cliente" (IDCLIENTE,NOMBRES,APELLIDOS,EMAIL,DIRECCION,TELEFONO) values ('20008','Leidy','Rico','LeRi@hotmail.com','Cra 35 # 44 5','3204386936');
Insert into VUELOS."Cliente" (IDCLIENTE,NOMBRES,APELLIDOS,EMAIL,DIRECCION,TELEFONO) values ('20009','Luis','Santo','LuSan@hotmail.com','Cra 36 # 44 5','3204386937');
Insert into VUELOS."Cliente" (IDCLIENTE,NOMBRES,APELLIDOS,EMAIL,DIRECCION,TELEFONO) values ('20010','Estefani','Velez','EsVel@hotmail.com','Cra 37 # 44 5','3204386938');
REM INSERTING into VUELOS."Factura"
SET DEFINE OFF;
Insert into VUELOS."Factura" (IDFACTURA,IDCLIENTE,IDVUELO,IDACTIVIDAD,IDTRASPORTE,IDALOJAMIENTO,IDFORMADEPAGO) values ('F00001','20001','V322','01',null,'200','1');
Insert into VUELOS."Factura" (IDFACTURA,IDCLIENTE,IDVUELO,IDACTIVIDAD,IDTRASPORTE,IDALOJAMIENTO,IDFORMADEPAGO) values ('F00002','20002','V323','02','T2','201','2');
Insert into VUELOS."Factura" (IDFACTURA,IDCLIENTE,IDVUELO,IDACTIVIDAD,IDTRASPORTE,IDALOJAMIENTO,IDFORMADEPAGO) values ('F00003','20003','V325','03',null,'202','3');
Insert into VUELOS."Factura" (IDFACTURA,IDCLIENTE,IDVUELO,IDACTIVIDAD,IDTRASPORTE,IDALOJAMIENTO,IDFORMADEPAGO) values ('F00004','20004','V326','04','T1','203','3');
Insert into VUELOS."Factura" (IDFACTURA,IDCLIENTE,IDVUELO,IDACTIVIDAD,IDTRASPORTE,IDALOJAMIENTO,IDFORMADEPAGO) values ('F00005','20005','V324','05','T4','204','3');
Insert into VUELOS."Factura" (IDFACTURA,IDCLIENTE,IDVUELO,IDACTIVIDAD,IDTRASPORTE,IDALOJAMIENTO,IDFORMADEPAGO) values ('F00006','20006','V320','06',null,'205','1');
Insert into VUELOS."Factura" (IDFACTURA,IDCLIENTE,IDVUELO,IDACTIVIDAD,IDTRASPORTE,IDALOJAMIENTO,IDFORMADEPAGO) values ('F00007','20007','V321','07','T3','206','2');
Insert into VUELOS."Factura" (IDFACTURA,IDCLIENTE,IDVUELO,IDACTIVIDAD,IDTRASPORTE,IDALOJAMIENTO,IDFORMADEPAGO) values ('F00008','20008','V327','08',null,'207','3');
Insert into VUELOS."Factura" (IDFACTURA,IDCLIENTE,IDVUELO,IDACTIVIDAD,IDTRASPORTE,IDALOJAMIENTO,IDFORMADEPAGO) values ('F00009','20009','V328','09',null,'208','1');
Insert into VUELOS."Factura" (IDFACTURA,IDCLIENTE,IDVUELO,IDACTIVIDAD,IDTRASPORTE,IDALOJAMIENTO,IDFORMADEPAGO) values ('F00010','20010','V329','10',null,'209','2');
REM INSERTING into VUELOS."FormadePago"
SET DEFINE OFF;
Insert into VUELOS."FormadePago" (IDFORMADEPAGO,NOMBRE) values ('1','Tarjeta de credito');
Insert into VUELOS."FormadePago" (IDFORMADEPAGO,NOMBRE) values ('2','Tarjeta de debito');
Insert into VUELOS."FormadePago" (IDFORMADEPAGO,NOMBRE) values ('3','PSE');
REM INSERTING into VUELOS."Transporte"
SET DEFINE OFF;
Insert into VUELOS."Transporte" (IDTRASPORTE,FECHAPRESTAMO,FECHADEVOLUCION,PERSONAS,TIPODETRASPORTE) values ('T1',to_timestamp('20/12/20 12:00:00,000000000 AM','DD/MM/RR HH12:MI:SSXFF AM'),to_timestamp('28/12/20 12:00:00,000000000 AM','DD/MM/RR HH12:MI:SSXFF AM'),'5','Familiar');
Insert into VUELOS."Transporte" (IDTRASPORTE,FECHAPRESTAMO,FECHADEVOLUCION,PERSONAS,TIPODETRASPORTE) values ('T2',to_timestamp('03/11/20 12:00:00,000000000 AM','DD/MM/RR HH12:MI:SSXFF AM'),to_timestamp('06/11/20 12:00:00,000000000 AM','DD/MM/RR HH12:MI:SSXFF AM'),'2','Clasico');
Insert into VUELOS."Transporte" (IDTRASPORTE,FECHAPRESTAMO,FECHADEVOLUCION,PERSONAS,TIPODETRASPORTE) values ('T3',to_timestamp('12/01/21 12:00:00,000000000 AM','DD/MM/RR HH12:MI:SSXFF AM'),to_timestamp('19/01/21 12:00:00,000000000 AM','DD/MM/RR HH12:MI:SSXFF AM'),'1','Deportivo');
Insert into VUELOS."Transporte" (IDTRASPORTE,FECHAPRESTAMO,FECHADEVOLUCION,PERSONAS,TIPODETRASPORTE) values ('T4',to_timestamp('25/10/20 12:00:00,000000000 AM','DD/MM/RR HH12:MI:SSXFF AM'),to_timestamp('07/11/20 12:00:00,000000000 AM','DD/MM/RR HH12:MI:SSXFF AM'),'6','Familiar');
REM INSERTING into VUELOS."Vuelo"
SET DEFINE OFF;
Insert into VUELOS."Vuelo" (IDVUELO,ORIGEN,DESTINO,FECHASALIDA,FECHALLEGADA,PRECIO,NUMERODEPLAZAS) values ('V322','Medellin-Colombia','Quito-Ecuador','03/11/2020','18/11/2020','600000','7');
Insert into VUELOS."Vuelo" (IDVUELO,ORIGEN,DESTINO,FECHASALIDA,FECHALLEGADA,PRECIO,NUMERODEPLAZAS) values ('V323','Bogota-Colombia','Quito-Ecuador','03/11/2020','06/11/2020','530000','2');
Insert into VUELOS."Vuelo" (IDVUELO,ORIGEN,DESTINO,FECHASALIDA,FECHALLEGADA,PRECIO,NUMERODEPLAZAS) values ('V327','Pereira-Colombia','San Andres-Colombia','04/01/2021','14/01/2021','270000','2');
Insert into VUELOS."Vuelo" (IDVUELO,ORIGEN,DESTINO,FECHASALIDA,FECHALLEGADA,PRECIO,NUMERODEPLAZAS) values ('V325','Barranquilla-Colombia','Vencia-Italia','20/12/2020','28/12/2020','3100000','5');
Insert into VUELOS."Vuelo" (IDVUELO,ORIGEN,DESTINO,FECHASALIDA,FECHALLEGADA,PRECIO,NUMERODEPLAZAS) values ('V326','Santa marta-Colombia','La habana-Cuba','25/10/2020','07/11/2020','1200000','6');
Insert into VUELOS."Vuelo" (IDVUELO,ORIGEN,DESTINO,FECHASALIDA,FECHALLEGADA,PRECIO,NUMERODEPLAZAS) values ('V324','Cali-Colombia','Cancun-Mexico','04/11/2020','16/11/2020','1500000','12');
Insert into VUELOS."Vuelo" (IDVUELO,ORIGEN,DESTINO,FECHASALIDA,FECHALLEGADA,PRECIO,NUMERODEPLAZAS) values ('V320','Cali-Colombia','Vencia-Italia','03/06/2021','02/07/2021','3270000','1');
Insert into VUELOS."Vuelo" (IDVUELO,ORIGEN,DESTINO,FECHASALIDA,FECHALLEGADA,PRECIO,NUMERODEPLAZAS) values ('V321','San Andres-Colombia','New York-EEUU','12/01/2021','19/01/2021','2870000','1');
Insert into VUELOS."Vuelo" (IDVUELO,ORIGEN,DESTINO,FECHASALIDA,FECHALLEGADA,PRECIO,NUMERODEPLAZAS) values ('V328','Bogota-Colombia','Puerto rico','10/02/2021','18/02/2021','1300000','4');
Insert into VUELOS."Vuelo" (IDVUELO,ORIGEN,DESTINO,FECHASALIDA,FECHALLEGADA,PRECIO,NUMERODEPLAZAS) values ('V329','Medeliin-Colombia','La habana-Cuba','20/04/2021','10/04/2021','3270000','2');
--------------------------------------------------------
--  DDL for Index PK_ALOJAMIENTO
--------------------------------------------------------

  CREATE UNIQUE INDEX "VUELOS"."PK_ALOJAMIENTO" ON "VUELOS"."Alojamiento" ("IDALOJAMIENTO") 
  PCTFREE 10 INITRANS 2 MAXTRANS 255 COMPUTE STATISTICS 
  STORAGE(INITIAL 65536 NEXT 1048576 MINEXTENTS 1 MAXEXTENTS 2147483645
  PCTINCREASE 0 FREELISTS 1 FREELIST GROUPS 1
  BUFFER_POOL DEFAULT FLASH_CACHE DEFAULT CELL_FLASH_CACHE DEFAULT)
  TABLESPACE "USERS" ;
--------------------------------------------------------
--  DDL for Index PK_Actividades
--------------------------------------------------------

  CREATE UNIQUE INDEX "VUELOS"."PK_Actividades" ON "VUELOS"."Actividades" ("IDACTIVIDAD") 
  PCTFREE 10 INITRANS 2 MAXTRANS 255 COMPUTE STATISTICS 
  STORAGE(INITIAL 65536 NEXT 1048576 MINEXTENTS 1 MAXEXTENTS 2147483645
  PCTINCREASE 0 FREELISTS 1 FREELIST GROUPS 1
  BUFFER_POOL DEFAULT FLASH_CACHE DEFAULT CELL_FLASH_CACHE DEFAULT)
  TABLESPACE "USERS" ;
--------------------------------------------------------
--  DDL for Index PK_Cliente
--------------------------------------------------------

  CREATE UNIQUE INDEX "VUELOS"."PK_Cliente" ON "VUELOS"."Cliente" ("IDCLIENTE") 
  PCTFREE 10 INITRANS 2 MAXTRANS 255 COMPUTE STATISTICS 
  STORAGE(INITIAL 65536 NEXT 1048576 MINEXTENTS 1 MAXEXTENTS 2147483645
  PCTINCREASE 0 FREELISTS 1 FREELIST GROUPS 1
  BUFFER_POOL DEFAULT FLASH_CACHE DEFAULT CELL_FLASH_CACHE DEFAULT)
  TABLESPACE "USERS" ;
--------------------------------------------------------
--  DDL for Index PK_Factura
--------------------------------------------------------

  CREATE UNIQUE INDEX "VUELOS"."PK_Factura" ON "VUELOS"."Factura" ("IDFACTURA") 
  PCTFREE 10 INITRANS 2 MAXTRANS 255 COMPUTE STATISTICS 
  STORAGE(INITIAL 65536 NEXT 1048576 MINEXTENTS 1 MAXEXTENTS 2147483645
  PCTINCREASE 0 FREELISTS 1 FREELIST GROUPS 1
  BUFFER_POOL DEFAULT FLASH_CACHE DEFAULT CELL_FLASH_CACHE DEFAULT)
  TABLESPACE "USERS" ;
--------------------------------------------------------
--  DDL for Index PK_FormadePago
--------------------------------------------------------

  CREATE UNIQUE INDEX "VUELOS"."PK_FormadePago" ON "VUELOS"."FormadePago" ("IDFORMADEPAGO") 
  PCTFREE 10 INITRANS 2 MAXTRANS 255 COMPUTE STATISTICS 
  STORAGE(INITIAL 65536 NEXT 1048576 MINEXTENTS 1 MAXEXTENTS 2147483645
  PCTINCREASE 0 FREELISTS 1 FREELIST GROUPS 1
  BUFFER_POOL DEFAULT FLASH_CACHE DEFAULT CELL_FLASH_CACHE DEFAULT)
  TABLESPACE "USERS" ;
--------------------------------------------------------
--  DDL for Index PK_Transporte
--------------------------------------------------------

  CREATE UNIQUE INDEX "VUELOS"."PK_Transporte" ON "VUELOS"."Transporte" ("IDTRASPORTE") 
  PCTFREE 10 INITRANS 2 MAXTRANS 255 COMPUTE STATISTICS 
  STORAGE(INITIAL 65536 NEXT 1048576 MINEXTENTS 1 MAXEXTENTS 2147483645
  PCTINCREASE 0 FREELISTS 1 FREELIST GROUPS 1
  BUFFER_POOL DEFAULT FLASH_CACHE DEFAULT CELL_FLASH_CACHE DEFAULT)
  TABLESPACE "USERS" ;
--------------------------------------------------------
--  DDL for Index PK_Vuelo
--------------------------------------------------------

  CREATE UNIQUE INDEX "VUELOS"."PK_Vuelo" ON "VUELOS"."Vuelo" ("IDVUELO") 
  PCTFREE 10 INITRANS 2 MAXTRANS 255 COMPUTE STATISTICS 
  STORAGE(INITIAL 65536 NEXT 1048576 MINEXTENTS 1 MAXEXTENTS 2147483645
  PCTINCREASE 0 FREELISTS 1 FREELIST GROUPS 1
  BUFFER_POOL DEFAULT FLASH_CACHE DEFAULT CELL_FLASH_CACHE DEFAULT)
  TABLESPACE "USERS" ;
--------------------------------------------------------
--  DDL for Index IXFK_Factura_Alojamiento
--------------------------------------------------------

  CREATE INDEX "VUELOS"."IXFK_Factura_Alojamiento" ON "VUELOS"."Factura" ("IDALOJAMIENTO") 
  PCTFREE 10 INITRANS 2 MAXTRANS 255 COMPUTE STATISTICS 
  STORAGE(INITIAL 65536 NEXT 1048576 MINEXTENTS 1 MAXEXTENTS 2147483645
  PCTINCREASE 0 FREELISTS 1 FREELIST GROUPS 1
  BUFFER_POOL DEFAULT FLASH_CACHE DEFAULT CELL_FLASH_CACHE DEFAULT)
  TABLESPACE "USERS" ;
--------------------------------------------------------
--  DDL for Index IXFK_Factura_Cliente
--------------------------------------------------------

  CREATE INDEX "VUELOS"."IXFK_Factura_Cliente" ON "VUELOS"."Factura" ("IDCLIENTE") 
  PCTFREE 10 INITRANS 2 MAXTRANS 255 COMPUTE STATISTICS 
  STORAGE(INITIAL 65536 NEXT 1048576 MINEXTENTS 1 MAXEXTENTS 2147483645
  PCTINCREASE 0 FREELISTS 1 FREELIST GROUPS 1
  BUFFER_POOL DEFAULT FLASH_CACHE DEFAULT CELL_FLASH_CACHE DEFAULT)
  TABLESPACE "USERS" ;
--------------------------------------------------------
--  DDL for Index IXFK_Factura_Transporte
--------------------------------------------------------

  CREATE INDEX "VUELOS"."IXFK_Factura_Transporte" ON "VUELOS"."Factura" ("IDTRASPORTE") 
  PCTFREE 10 INITRANS 2 MAXTRANS 255 COMPUTE STATISTICS 
  STORAGE(INITIAL 65536 NEXT 1048576 MINEXTENTS 1 MAXEXTENTS 2147483645
  PCTINCREASE 0 FREELISTS 1 FREELIST GROUPS 1
  BUFFER_POOL DEFAULT FLASH_CACHE DEFAULT CELL_FLASH_CACHE DEFAULT)
  TABLESPACE "USERS" ;
--------------------------------------------------------
--  DDL for Index IXFK_Factura_Actividades
--------------------------------------------------------

  CREATE INDEX "VUELOS"."IXFK_Factura_Actividades" ON "VUELOS"."Factura" ("IDACTIVIDAD") 
  PCTFREE 10 INITRANS 2 MAXTRANS 255 COMPUTE STATISTICS 
  STORAGE(INITIAL 65536 NEXT 1048576 MINEXTENTS 1 MAXEXTENTS 2147483645
  PCTINCREASE 0 FREELISTS 1 FREELIST GROUPS 1
  BUFFER_POOL DEFAULT FLASH_CACHE DEFAULT CELL_FLASH_CACHE DEFAULT)
  TABLESPACE "USERS" ;
--------------------------------------------------------
--  DDL for Index IXFK_Factura_FormadePago
--------------------------------------------------------

  CREATE INDEX "VUELOS"."IXFK_Factura_FormadePago" ON "VUELOS"."Factura" ("IDFORMADEPAGO") 
  PCTFREE 10 INITRANS 2 MAXTRANS 255 COMPUTE STATISTICS 
  STORAGE(INITIAL 65536 NEXT 1048576 MINEXTENTS 1 MAXEXTENTS 2147483645
  PCTINCREASE 0 FREELISTS 1 FREELIST GROUPS 1
  BUFFER_POOL DEFAULT FLASH_CACHE DEFAULT CELL_FLASH_CACHE DEFAULT)
  TABLESPACE "USERS" ;
--------------------------------------------------------
--  DDL for Index IXFK_Factura_Vuelo
--------------------------------------------------------

  CREATE INDEX "VUELOS"."IXFK_Factura_Vuelo" ON "VUELOS"."Factura" ("IDVUELO") 
  PCTFREE 10 INITRANS 2 MAXTRANS 255 COMPUTE STATISTICS 
  STORAGE(INITIAL 65536 NEXT 1048576 MINEXTENTS 1 MAXEXTENTS 2147483645
  PCTINCREASE 0 FREELISTS 1 FREELIST GROUPS 1
  BUFFER_POOL DEFAULT FLASH_CACHE DEFAULT CELL_FLASH_CACHE DEFAULT)
  TABLESPACE "USERS" ;
--------------------------------------------------------
--  Constraints for Table FormadePago
--------------------------------------------------------

  ALTER TABLE "VUELOS"."FormadePago" MODIFY ("IDFORMADEPAGO" NOT NULL ENABLE);
  ALTER TABLE "VUELOS"."FormadePago" ADD CONSTRAINT "PK_FormadePago" PRIMARY KEY ("IDFORMADEPAGO")
  USING INDEX PCTFREE 10 INITRANS 2 MAXTRANS 255 COMPUTE STATISTICS 
  STORAGE(INITIAL 65536 NEXT 1048576 MINEXTENTS 1 MAXEXTENTS 2147483645
  PCTINCREASE 0 FREELISTS 1 FREELIST GROUPS 1
  BUFFER_POOL DEFAULT FLASH_CACHE DEFAULT CELL_FLASH_CACHE DEFAULT)
  TABLESPACE "USERS"  ENABLE;
--------------------------------------------------------
--  Constraints for Table Cliente
--------------------------------------------------------

  ALTER TABLE "VUELOS"."Cliente" MODIFY ("IDCLIENTE" NOT NULL ENABLE);
  ALTER TABLE "VUELOS"."Cliente" ADD CONSTRAINT "PK_Cliente" PRIMARY KEY ("IDCLIENTE")
  USING INDEX PCTFREE 10 INITRANS 2 MAXTRANS 255 COMPUTE STATISTICS 
  STORAGE(INITIAL 65536 NEXT 1048576 MINEXTENTS 1 MAXEXTENTS 2147483645
  PCTINCREASE 0 FREELISTS 1 FREELIST GROUPS 1
  BUFFER_POOL DEFAULT FLASH_CACHE DEFAULT CELL_FLASH_CACHE DEFAULT)
  TABLESPACE "USERS"  ENABLE;
--------------------------------------------------------
--  Constraints for Table Transporte
--------------------------------------------------------

  ALTER TABLE "VUELOS"."Transporte" MODIFY ("IDTRASPORTE" NOT NULL ENABLE);
  ALTER TABLE "VUELOS"."Transporte" ADD CONSTRAINT "PK_Transporte" PRIMARY KEY ("IDTRASPORTE")
  USING INDEX PCTFREE 10 INITRANS 2 MAXTRANS 255 COMPUTE STATISTICS 
  STORAGE(INITIAL 65536 NEXT 1048576 MINEXTENTS 1 MAXEXTENTS 2147483645
  PCTINCREASE 0 FREELISTS 1 FREELIST GROUPS 1
  BUFFER_POOL DEFAULT FLASH_CACHE DEFAULT CELL_FLASH_CACHE DEFAULT)
  TABLESPACE "USERS"  ENABLE;
--------------------------------------------------------
--  Constraints for Table Actividades
--------------------------------------------------------

  ALTER TABLE "VUELOS"."Actividades" MODIFY ("IDACTIVIDAD" NOT NULL ENABLE);
  ALTER TABLE "VUELOS"."Actividades" ADD CONSTRAINT "PK_Actividades" PRIMARY KEY ("IDACTIVIDAD")
  USING INDEX PCTFREE 10 INITRANS 2 MAXTRANS 255 COMPUTE STATISTICS 
  STORAGE(INITIAL 65536 NEXT 1048576 MINEXTENTS 1 MAXEXTENTS 2147483645
  PCTINCREASE 0 FREELISTS 1 FREELIST GROUPS 1
  BUFFER_POOL DEFAULT FLASH_CACHE DEFAULT CELL_FLASH_CACHE DEFAULT)
  TABLESPACE "USERS"  ENABLE;
--------------------------------------------------------
--  Constraints for Table Vuelo
--------------------------------------------------------

  ALTER TABLE "VUELOS"."Vuelo" MODIFY ("IDVUELO" NOT NULL ENABLE);
  ALTER TABLE "VUELOS"."Vuelo" ADD CONSTRAINT "PK_Vuelo" PRIMARY KEY ("IDVUELO")
  USING INDEX PCTFREE 10 INITRANS 2 MAXTRANS 255 COMPUTE STATISTICS 
  STORAGE(INITIAL 65536 NEXT 1048576 MINEXTENTS 1 MAXEXTENTS 2147483645
  PCTINCREASE 0 FREELISTS 1 FREELIST GROUPS 1
  BUFFER_POOL DEFAULT FLASH_CACHE DEFAULT CELL_FLASH_CACHE DEFAULT)
  TABLESPACE "USERS"  ENABLE;
--------------------------------------------------------
--  Constraints for Table Factura
--------------------------------------------------------

  ALTER TABLE "VUELOS"."Factura" MODIFY ("IDFACTURA" NOT NULL ENABLE);
  ALTER TABLE "VUELOS"."Factura" ADD CONSTRAINT "PK_Factura" PRIMARY KEY ("IDFACTURA")
  USING INDEX PCTFREE 10 INITRANS 2 MAXTRANS 255 COMPUTE STATISTICS 
  STORAGE(INITIAL 65536 NEXT 1048576 MINEXTENTS 1 MAXEXTENTS 2147483645
  PCTINCREASE 0 FREELISTS 1 FREELIST GROUPS 1
  BUFFER_POOL DEFAULT FLASH_CACHE DEFAULT CELL_FLASH_CACHE DEFAULT)
  TABLESPACE "USERS"  ENABLE;
--------------------------------------------------------
--  Constraints for Table Alojamiento
--------------------------------------------------------

  ALTER TABLE "VUELOS"."Alojamiento" MODIFY ("IDALOJAMIENTO" NOT NULL ENABLE);
  ALTER TABLE "VUELOS"."Alojamiento" ADD CONSTRAINT "PK_ALOJAMIENTO" PRIMARY KEY ("IDALOJAMIENTO")
  USING INDEX PCTFREE 10 INITRANS 2 MAXTRANS 255 COMPUTE STATISTICS 
  STORAGE(INITIAL 65536 NEXT 1048576 MINEXTENTS 1 MAXEXTENTS 2147483645
  PCTINCREASE 0 FREELISTS 1 FREELIST GROUPS 1
  BUFFER_POOL DEFAULT FLASH_CACHE DEFAULT CELL_FLASH_CACHE DEFAULT)
  TABLESPACE "USERS"  ENABLE;
--------------------------------------------------------
--  Ref Constraints for Table Factura
--------------------------------------------------------

  ALTER TABLE "VUELOS"."Factura" ADD CONSTRAINT "FK_Factura_Actividades" FOREIGN KEY ("IDACTIVIDAD")
	  REFERENCES "VUELOS"."Actividades" ("IDACTIVIDAD") ENABLE;
  ALTER TABLE "VUELOS"."Factura" ADD CONSTRAINT "FK_Factura_Alojamiento" FOREIGN KEY ("IDALOJAMIENTO")
	  REFERENCES "VUELOS"."Alojamiento" ("IDALOJAMIENTO") ENABLE;
  ALTER TABLE "VUELOS"."Factura" ADD CONSTRAINT "FK_Factura_Cliente" FOREIGN KEY ("IDCLIENTE")
	  REFERENCES "VUELOS"."Cliente" ("IDCLIENTE") ENABLE;
  ALTER TABLE "VUELOS"."Factura" ADD CONSTRAINT "FK_Factura_FormadePago" FOREIGN KEY ("IDFORMADEPAGO")
	  REFERENCES "VUELOS"."FormadePago" ("IDFORMADEPAGO") ENABLE;
  ALTER TABLE "VUELOS"."Factura" ADD CONSTRAINT "FK_Factura_Transporte" FOREIGN KEY ("IDTRASPORTE")
	  REFERENCES "VUELOS"."Transporte" ("IDTRASPORTE") ENABLE;
  ALTER TABLE "VUELOS"."Factura" ADD CONSTRAINT "FK_Factura_Vuelo" FOREIGN KEY ("IDVUELO")
	  REFERENCES "VUELOS"."Vuelo" ("IDVUELO") ENABLE;
